form	lemma	POS	morph
༄༅། །		PUNCT
ཚེ་སྒྲུབ་	ཚེ་སྒྲུབ་	NOUN
ཞག་	ཞག་	NOUN
བདུན་	བདུན་	NUM
མ་	མ་	PART
འི་	གི་	PART
ཉམས་ལེན་	ཉམས་ལེན་	NOUN
གྱི་	གི་	PART
རིམ་པ་	རིམ་པ་	NOUN
འཆི་མེད་	འཆི་མེད་	NOUN
བདུད་རྩི་	བདུད་རྩི་	NOUN
འི་	གི་	PART
བཅུད་ལེན་	བཅུད་ལེན་	NOUN
ཞེ་	ཅེས་	PART
བྱ་བ་	བྱ་བ་	VERB
བཞུགས་	བཞུགས་	VERB
སོ་	གོ་	PART
།། ༈ །		PUNCT
སྭསྟི་		NON_WORD
།		PUNCT
བདེ་ལྡན་	བདེ་ལྡན་	NO_POS
པདྨོའི་		NON_WORD
ནགས་	ནགས་	NOUN
རུམ་	རུམ་	NOUN
ན་	ནས་	PART
། །		PUNCT
འཆི་མེད་	འཆི་མེད་	NOUN
བུང་བ་	བུང་བ་	NOUN
འོད་	འོད་	NOUN
དཔག་མེད་	དཔག་མེད་	ADJ
། །		PUNCT
དེང་	དེང་	ADV
འདི་	འདི་	DET
ར་	ལ་	PART
ཐུགས་རྗེ་	ཐུགས་རྗེ་	NOUN
འི་	གི་	PART
འཕུར་	འཕུར་	NO_POS
ལྡིང་	ལྡིང་	VERB
གིས་	གིས་	PART
། །		PUNCT
བྱིན་	བྱིན་	VERB
ན་	ནས་	PART
ཕན་བདེ་	ཕན་བདེ་	OTHER
འི་	གི་	PART
སྦྲང་རྩི་	སྦྲང་རྩི་	NOUN
སྩོལ་	སྩོལ་	VERB
། །		PUNCT
བཅོམ་ལྡན་འདས་	བཅོམ་ལྡན་འདས་	NOUN
ཚེ་	ཚེ་	NOUN
དང་	དང་	NO_POS
ཡེ་ཤེས་	ཡེ་ཤེས་	NOUN
དཔག་	དཔག་	VERB
ཏུ་	ལ་	PART
མེད་པ་	མེད་པ་	VERB
འི་	གི་	PART
སྒོ་	སྒོ་	NOUN
ན་	ནས་	PART
ཚེ་	ཚེ་	NOUN
འི་	གི་	PART
དངོས་གྲུབ་	དངོས་གྲུབ་	NOUN
སྒྲུབ་པ་	སྒྲུབ་པ་	VERB
ར་	ལ་	PART
འདོད་པ་	འདོད་པ་	VERB
འི་	གི་	PART
ཐོ་རེངས་	ཐོ་རེངས་	OTHER
བྱ་	བྱ་	VERB
ཁྭ་ཏ་	ཁྭ་ཏ་	NOUN
འི་	གི་	PART
སྐད་	སྐད་	NOUN
མ་	མ་	PART
གྲགས་པ་	གྲགས་པ་	VERB
འི་	གི་	PART
དུས་	དུས་	NOUN
ལ་སོགས་པ་	ལ་སོགས་པ་	NO_POS
ར་	ལ་	PART
བསམ་གཏན་	བསམ་གཏན་	NOUN
གྱི་	གི་	PART
འདུག་སྟངས་	འདུག་སྟངས་	NO_POS
ཀྱིས་	གིས་	PART
འདུག་	འདུག་	VERB
ལ་	ལ་	PART
།		PUNCT
སངས་རྒྱས་	སངས་རྒྱས་	NOUN
ཆོ་	ཆོ་	NOUN
ཚོགས་	ཚོགས་	NOUN
མ་ལན་	མ་ལན་	NO_POS
གསུམ་	གསུམ་	NUM
གྱིས་	གིས་	PART
སྐྱབས་འགྲོ་	སྐྱབས་འགྲོ་	OTHER
སེམས་བསྐྱེད་	སེམས་བསྐྱེད་	NOUN
དང་	དང་	NO_POS
ཚད་	ཚད་	NOUN
མེད་	མེད་	VERB
བཞི་	བཞི་	NUM
བསྒོམ་	བསྒོམ་	VERB
།		PUNCT
རང་	རང་	PRON
གི་	གི་	PART
མདུན་	མདུན་	NOUN
གྱི་	གི་	PART
ནམ་མཁ་	ནམ་མཁའ་	NOUN
ར་	ལ་	PART
པདྨ་	པདྨ་	NOUN
དམར་པོ་	དམར་པོ་	ADJ
འདབ་མ་	འདབ་མ་	NOUN
སྟོང་	སྟོང་	NUM
དང་	དང་	NO_POS
ལྡན་པ་	ལྡན་པ་	VERB
འི་	གི་	PART
ལྟེ་བ་	ལྟེ་བ་	NOUN
ར་	ལ་	PART
ཟླ་བ་	ཟླ་བ་	NOUN
འི་	གི་	PART
དཀྱིལ་འཁོར་	དཀྱིལ་འཁོར་	NOUN
ཉ་གང་བ་	ཉ་གང་བ་	NOUN
དེ་	དེ་	DET
འི་	གི་	PART
སྟེང་	སྟེང་	NOUN
དུ་	ལ་	PART
བཅོམ་ལྡན་འདས་	བཅོམ་ལྡན་འདས་	NOUN
མགོན་པོ་	མགོན་པོ་	NOUN
ཚེ་	ཚེ་	NOUN
དང་	དང་	NO_POS
ཡེ་ཤེས་	ཡེ་ཤེས་	NOUN
དཔག་	དཔག་	VERB
ཏུ་	ལ་	PART
མེད་པ་	མེད་པ་	VERB
སྐུ་མདོག་	སྐུ་མདོག་	NOUN
པདྨ་	པདྨ་	NOUN
རཱ་	རཱ་	NO_POS
ག་	ག་	PRON
ལྟ་	ལྟ་	OTHER
དམར་	དམར་	VERB
ཞིང་	ཅིང་	PART
གསལ་	གསལ་	VERB
ལ་	ལ་	PART
དྭངས་པ་	དྭངས་པ་	VERB
།		PUNCT
ལོ་	གོ་	PART
བཅུ་དྲུག་	བཅུ་དྲུག་	NO_POS
ལོན་པ་	ལོན་པ་	VERB
འི་	གི་	PART
ན་ཚོད་	ན་ཚོད་	NOUN
དང་	དང་	NO_POS
།		PUNCT
འཛུམ་	འཛུམ་	NO_POS
ཞིང་	ཅིང་	PART
ཞི་བ་	ཞི་བ་	VERB
ཡིད་	ཡིད་	NOUN
དུ་	ལ་	PART
འོང་བ་	འོང་བ་	VERB
འི་	གི་	PART
ཞལ་	ཞལ་	NOUN
གཅིག་པ་	གཅིག་པ་	ADJ
།		PUNCT
ཕྱག་	ཕྱག་	NOUN
གཉིས་	གཉིས་	NUM
ཐུགས་ཀ་	ཐུགས་ཀ་	NOUN
ར་	ལ་	PART
ཐལ་མོ་	ཐལ་མོ་	NOUN
སྦྱར་བ་	སྦྱར་བ་	VERB
འི་	གི་	PART
བ་	བ་	NOUN
ན་	ལ་	PART
བཻཌཱུརྻའི་		NON_WORD
ལྷུང་བཟེད་	ལྷུང་བཟེད་	NOUN
འཆི་མེད་	འཆི་མེད་	NOUN
བདུད་རྩི་	བདུད་རྩི་	NOUN
ས་	གིས་	PART
གང་བ་	གང་བ་	VERB
བསྣམས་པ་	བསྣམས་པ་	NO_POS
།		PUNCT
ཞབས་	ཞབས་	NOUN
གཉིས་	གཉིས་	NUM
མཉམ་པ་	མཉམ་པ་	VERB
འི་	གི་	PART
སྟབས་	སྟབས་	NOUN
ཀྱིས་	གིས་	PART
བཞེངས་པ་	བཞེངས་པ་	VERB
།		PUNCT
དབུ་སྐྲ་	དབུ་སྐྲ་	OTHER
བུང་བ་	བུང་བ་	NOUN
ལྟ་	ལྟ་	OTHER
ནག་པ་	ནག་པ་	VERB
འི་	གི་	PART
རལ་པ་	རལ་པ་	VERB
འི་	གི་	PART
ཕྱེད་	ཕྱེད་	NUM
ཐོར་ཅོག་	ཐོར་ཅོག་	NO_POS
གི་	གི་	PART
ཚུལ་	ཚུལ་	NOUN
དུ་	ལ་	PART
སྤྱི་བོ་	སྤྱི་བོ་	NOUN
ར་	ལ་	PART
བཅིངས་	བཅིངས་	VERB
ཤིང་	ཅིང་	PART
ལྷག་མ་	ལྷག་མ་	NOUN
ལན་བུ་	ལན་བུ་	NO_POS
ར་	ལ་	PART
གྱུར་པ་	གྱུར་པ་	VERB
ཞབས་	ཞབས་	NOUN
ཀྱི་	གི་	PART
རྟིང་པ་	རྟིང་པ་	NO_POS
འི་	གི་	PART
བ་	བ་	NOUN
དུ་	ལ་	PART
སླེབས་པ་	སླེབས་པ་	VERB
།		PUNCT
ད་	ད་	NOUN
སྣ་ཚོགས་	སྣ་ཚོགས་	DET
ཀྱི་	གི་	PART
ཤམ་ཐབས་	ཤམ་ཐབས་	NOUN
དང་	དང་	NO_POS
ད་	ད་	NOUN
དམར་པོ་	དམར་པོ་	ADJ
འི་	གི་	PART
སྟོད་གཡོགས་	སྟོད་གཡོགས་	NOUN
དང་	དང་	NO_POS
ལྷབ་ལྷུབ་	ལྷབ་ལྷུབ་	OTHER
ཀྱིས་	གིས་	PART
བརྒྱན་པ་	བརྒྱན་པ་	VERB
།		PUNCT
རྩ་	རྩ་	NUM
བརྒྱུད་	བརྒྱུད་	NO_POS
ཀྱི་	གི་	PART
བླ་མ་	བླ་མ་	NOUN
སངས་རྒྱས་	སངས་རྒྱས་	NOUN
བྱང་ཆུབ་	བྱང་ཆུབ་	NOUN
སེམས་དཔ་	སེམས་དཔའ་	NOUN
འི་	གི་	PART
ཚོགས་	ཚོགས་	NOUN
ཀྱིས་	གིས་	PART
བསྐོར་བ་	བསྐོར་བ་	VERB
མངོན་སུམ་	མངོན་སུམ་	NOUN
བཞིན་	བཞིན་	NOUN
བཞུགས་པ་	བཞུགས་པ་	VERB
ར་	ལ་	PART
བསམ་	བསམ་	NOUN
།		PUNCT
ཨོཾ་	ཨོཾ་	X
སརྦ་	སརྦ་	NO_POS
ཏ་	ཏ་	OTHER
ཐཱ་		NON_WORD
ག་	ག་	PRON
ཏ་	ཏ་	OTHER
ཨརྻ་		NON_WORD
ཨ་པ་	ཨ་པ་	OTHER
རི་	རི་	NOUN
མི་	མི་	PART
ཏ་	ཏ་	OTHER
ཨ་	ཨ་	X
ཡུརྫྙཱ་		NON_WORD
ན་	ལ་	PART
ས་	ས་	ADP
པཱ་	པཱ་	NO_POS
རི་	རི་	NOUN
ཝ་	ཝ་	OTHER
ར་	ར་	ADP
ཨརྒྷཾ་		NON_WORD
།		PUNCT
པཱ་	པཱ་	NO_POS
དྱཾ་		NON_WORD
ན་	ནས་	PART
།		PUNCT
ཤབྡ་		NON_WORD
པྲ་	པྲ་	NOUN
ཏཱིཙྪ་		NON_WORD
ཡེ་	ཡེ་	ADV
སྭཱ་		NON_WORD
ཧཱ་		NON_WORD
།		PUNCT
འཇིག་རྟེན་	འཇིག་རྟེན་	NOUN
འདྲེན་པ་	འདྲེན་པ་	VERB
འི་	གི་	PART
གཙོ་བོ་	གཙོ་བོ་	ADJ
༴		PUNCT
སོགས་	སོགས་	DET
ན་	ནས་	PART
།		PUNCT
ཕྱག་	ཕྱག་	NOUN
འཚལ་	འཚལ་	VERB
བསྟོད་	བསྟོད་	VERB
། །		PUNCT
ཅེས་པ་	ཅེས་པ་	PART
ས་	གིས་	PART
མཆོད་	མཆོད་	VERB
ཅིང་	ཅིང་	PART
བསྟོད་	བསྟོད་	VERB
།		PUNCT
བཅོམ་ལྡན་འདས་	བཅོམ་ལྡན་འདས་	NOUN
ལ་མོ་	ལ་མོ་	OTHER
ས་	གིས་	PART
གུ་	གུ་	VERB
དྲག་པོ་	དྲག་པོ་	ADJ
དུང་པ་	དུང་པ་	NO_POS
དང་	དང་	NO_POS
བཅས་པ་	བཅས་པ་	VERB
ས་	གིས་	PART
།		PUNCT
ཨོཾ་	ཨོཾ་	X
བཛྲ་	བཛྲ་	NO_POS
ཨ་ཡུ་	ཨ་ཡུ་	NO_POS
ཥེ་		NON_WORD
ས་ར་	ས་ར་	NO_POS
ཧ་	ཧ་	NOUN
ཀ་ར་	ཀ་ར་	OTHER
རེ་	རེ་	DET
ཤ་ར་	ཤ་ར་	NO_POS
རེ་	རེ་	DET
ཧཱུྃ་		NON_WORD
ཕཊ་		NON_WORD
ཟེར་བ་	ཟེར་བ་	VERB
ཡང་	ཀྱང་	PART
སྣང་	སྣང་	VERB
ས་ར་	ས་ར་	NO_POS
ཧེ་	ཧེ་	INTJ
།		PUNCT
ཤ་ར་	ཤ་ར་	NO_POS
རེ་	རེ་	DET
ཀ་ར་	ཀ་ར་	OTHER
རེ་	རེ་	DET
ཧཱུྃ་		NON_WORD
ཕཊ་		NON_WORD
།		PUNCT
ཞེ་	ཅེས་	PART
ལན་	ལན་	NOUN
གསུམ་	གསུམ་	NUM
གྱིས་	གིས་	PART
གསོལ་བ་	གསོལ་བ་	VERB
གདབ་	གདབ་	NO_POS
།		PUNCT
དེ་	སྟེ་	PART
རྗེས་	རྗེས་	NOUN
རང་	རང་	PRON
གི་	གི་	PART
སྣ་བུག་	སྣ་བུག་	NO_POS
ན་	ནས་	PART
རླུང་	རླུང་	NOUN
རོ་	རོ་	NOUN
ལན་	ལན་	NOUN
གསུམ་	གསུམ་	NUM
བུ་	བུ་	VERB
།		PUNCT
དེ་	སྟེ་	PART
རྗེས་	རྗེས་	NOUN
སྣ་བུག་	སྣ་བུག་	NO_POS
གཡོན་	གཡོན་	NOUN
ན་	ནས་	PART
རླུང་	རླུང་	NOUN
ཅུང་ཟད་	ཅུང་ཟད་	ADV
ཕྱི་	ཕྱི་	OTHER
བུས་པ་	བུས་པ་	VERB
འི་	གི་	PART
ཚེ་	ཚེ་	NOUN
།		PUNCT
རང་	རང་	PRON
གི་	གི་	PART
སྣ་རྩེ་	སྣ་རྩེ་	NO_POS
ན་	ནས་	PART
རླུང་	རླུང་	NOUN
སྤོ་	སྤོ་	NOUN
རིང་	རིང་	NOUN
གི་	གི་	PART
དུ་བ་	དུ་བ་	NOUN
ལྟ་བུ་	ལྟ་བུ་	NOUN
སྔོ་	སྔོ་	VERB
བུན་	བུན་	NO_POS
ནེ་	ནེ་	NO_POS
སོང་བ་	སོང་བ་	VERB
ས་	གིས་	PART
བཅོམ་ལྡན་འདས་	བཅོམ་ལྡན་འདས་	NOUN
ཀྱི་	གི་	PART
ཕྱག་	ཕྱག་	NOUN
གི་	གི་	PART
ལྷུང་བཟེད་	ལྷུང་བཟེད་	NOUN
བདུད་རྩི་	བདུད་རྩི་	NOUN
ས་	གིས་	PART
གང་བ་	གང་བ་	VERB
འི་	གི་	PART
ནང་	ནང་	NOUN
དུ་	ལ་	PART
སོང་བ་	སོང་བ་	VERB
ས་	གིས་	PART
འཆི་མེད་	འཆི་མེད་	NOUN
བདུད་རྩི་	བདུད་རྩི་	NOUN
འི་	གི་	PART
ཆུ་རྒྱུན་	ཆུ་རྒྱུན་	NOUN
དེ་	སྟེ་	PART
ལ་	ལ་	PART
འཁྲིལ་བ་	འཁྲིལ་བ་	NO_POS
འི་	གི་	PART
ཚུལ་	ཚུལ་	NOUN
དུ་	ལ་	PART
ཀྱ་		NON_WORD
མེ་	མེ་	NOUN
ར་	ལ་	PART
གྱིས་	གིས་	PART
བབས་པ་	བབས་པ་	VERB
ས་	གིས་	PART
།		PUNCT
རང་	རང་	PRON
གི་	གི་	PART
ཁ་	ཁ་	PRON
ས་	གིས་	PART
རྔུབ་པ་	རྔུབ་པ་	NO_POS
འི་	གི་	PART
ཚུལ་	ཚུལ་	NOUN
དུ་	ལ་	PART
བྱས་པ་	བྱས་པ་	VERB
ས་	གིས་	PART
བདུད་རྩི་	བདུད་རྩི་	NOUN
འི་	གི་	PART
རྒྱུན་	རྒྱུན་	NOUN
དཀར་པོ་	དཀར་པོ་	ADJ
དེ་	སྟེ་	PART
ཁ་	ཁ་	PRON
ན་	ནས་	PART
མ་	མ་	NOUN
ཆིལ་	ཆིལ་	VERB
གྱིས་	གིས་	PART
ཞུགས་	ཞུགས་	VERB
ལུས་	ལུས་	NOUN
ཐམས་ཅད་	ཐམས་ཅད་	DET
མེ་	མེ་	NOUN
ར་	ལ་	PART
གྱིས་	གིས་	PART
གང་བ་	གང་བ་	VERB
ས་	གིས་	PART
ནད་གདོན་	ནད་གདོན་	OTHER
སྡིག་སྒྲིབ་	སྡིག་སྒྲིབ་	NOUN
དུས་	དུས་	NOUN
མ་ཡིན་པ་	མ་ཡིན་པ་	OTHER
འི་	གི་	PART
འཆི་བ་	འཆི་བ་	VERB
འི་	གི་	PART
འཇིགས་པ་	འཇིགས་པ་	VERB
ཐམས་ཅད་	ཐམས་ཅད་	DET
སངས་	སངས་	VERB
ཀྱིས་	གིས་	PART
དག་	དག་	DET
ན་	ནས་	PART
འཆི་མེད་	འཆི་མེད་	NOUN
ཚེ་	ཚེ་	NOUN
འི་	གི་	PART
དངོས་གྲུབ་	དངོས་གྲུབ་	NOUN
ཐོབ་པ་	ཐོབ་པ་	VERB
ར་	ལ་	PART
བསམ་	བསམ་	NOUN
ན་	ནས་	PART
། ་་་་་		PUNCT
ཐེ་ཚོམ་	ཐེ་ཚོམ་	NOUN
མེད་པ་	མེད་པ་	VERB
གལ་ཆེ་	གལ་ཆེ་	OTHER
འོ་	གོ་	PART
། །		PUNCT
རླུང་	རླུང་	NOUN
བུམ་པ་	བུམ་པ་	NOUN
ཅན་	ཅན་	PART
ཅི་	ཅི་	NO_POS
ནུས་	ནུས་	VERB
འཛིན་	འཛིན་	VERB
།		PUNCT
དེ་ལྟ་	དེ་ལྟ་	NO_POS
ལན་	ལན་	NOUN
ལྔ་	ལྔ་	NUM
འམ་	གམ་	PART
།		PUNCT
བཅུ་	བཅུ་	NUM
འམ་	གམ་	PART
བཅོ་ལྔ་	བཅོ་ལྔ་	NO_POS
འམ་	གམ་	PART
ཉི་ཤུ་	ཉི་ཤུ་	NUM
ན་	ནས་	PART
བརྒྱ་	བརྒྱ་	NUM
འི་	གི་	PART
བ་	བ་	NOUN
ཅི་	ཅི་	NO_POS
འགྲུབ་	འགྲུབ་	VERB
བྱ་	བྱ་	VERB
།		PUNCT
རྗེས་	རྗེས་	NOUN
དམིགས་པ་	དམིགས་པ་	VERB
སྔར་ལྟར་	སྔར་ལྟར་	NO_POS
བྱེད་	བྱེད་	VERB
ཅིང་	ཅིང་	PART
།		PUNCT
ངག་	ངག་	NOUN
ཏུ་	ལ་	PART
ཨོཾ་	ཨོཾ་	X
ཨ་མ་	ཨ་མ་	NOUN
ར་	ར་	ADP
ཎི་		NON_WORD
ཛི་	ཛི་	NO_POS
ཝནྟི་		NON_WORD
ཡེ་	ཡེ་	ADV
སྭཱ་		NON_WORD
ཧཱ་		NON_WORD
།		PUNCT
ཞེ་	ཅེས་	PART
བརྒྱ་	བརྒྱ་	NUM
སྟོང་	སྟོང་	NUM
ལ་སོགས་པ་	ལ་སོགས་པ་	NO_POS
བཟླས་	བཟླས་	NO_POS
།		PUNCT
ཡང་	ཀྱང་	PART
སྔར་བཞིན་	སྔར་བཞིན་	NO_POS
མཆོད་བསྟོད་	མཆོད་བསྟོད་	NOUN
བྱས་པ་	བྱས་པ་	VERB
ས་	གིས་	PART
།		PUNCT
མདུན་	མདུན་	NOUN
གྱི་	གི་	PART
བཅོམ་ལྡན་འདས་	བཅོམ་ལྡན་འདས་	NOUN
འོད་ཟེར་	འོད་ཟེར་	NOUN
དམར་པོ་	དམར་པོ་	ADJ
འི་	གི་	PART
ཚུལ་	ཚུལ་	NOUN
དུ་	ལ་	PART
ཞུ་	ཞུ་	VERB
སྟེ་	སྟེ་	PART
།		PUNCT
རང་	རང་	PRON
ལ་	ལ་	PART
ཐིམ་པ་	ཐིམ་པ་	VERB
ས་	གིས་	PART
བདག་ཉིད་	བདག་ཉིད་	NOUN
ཚེ་	ཚེ་	NOUN
དང་	དང་	NO_POS
ཡེ་ཤེས་	ཡེ་ཤེས་	NOUN
དཔག་	དཔག་	VERB
ཏུ་	ལ་	PART
མེད་པ་	མེད་པ་	VERB
ར་	ལ་	PART
ལམ་	གམ་	PART
གྱིས་	གིས་	PART
གྱུར་པ་	གྱུར་པ་	VERB
འི་	གི་	PART
ཐུགས་ཀ་	ཐུགས་ཀ་	NOUN
ར་	ལ་	PART
ཟླ་བ་	ཟླ་བ་	NOUN
འི་	གི་	PART
དཀྱིལ་འཁོར་	དཀྱིལ་འཁོར་	NOUN
གྱི་	གི་	PART
སྟེང་	སྟེང་	NOUN
དུ་	ལ་	PART
ཧྲཱིཿ་		NON_WORD
ཡིག་	ཡིག་	NOUN
དམར་པོ་	དམར་པོ་	ADJ
ལ་	ལ་	PART
གཟུངས་རིང་	གཟུངས་རིང་	NO_POS
གིས་	གིས་	PART
བསྐོར་བ་	བསྐོར་བ་	VERB
ལ་	ལ་	ADP
ས་	གིས་	PART
འོད་ཟེར་	འོད་ཟེར་	NOUN
འཕྲོས་ལུས་	འཕྲོས་ལུས་	NO_POS
ཐམས་ཅད་	ཐམས་ཅད་	DET
གང་བ་	གང་བ་	VERB
ས་	གིས་	PART
འཆི་མེད་	འཆི་མེད་	NOUN
ཚེ་	ཚེ་	NOUN
འི་	གི་	PART
དངོས་གྲུབ་	དངོས་གྲུབ་	NOUN
ཐོབ་པ་	ཐོབ་པ་	VERB
ར་	ལ་	PART
གྱུར་པ་	གྱུར་པ་	VERB
ར་	ལ་	PART
བསམ་	བསམ་	NOUN
ལ་	ལ་	PART
།		PUNCT
ཨོཾ་	ཨོཾ་	X
ན་མོ་	ན་མོ་	X
བྷ་	བྷ་	NO_POS
ག་	ག་	PRON
ཝ་	ཝ་	OTHER
ཏེ་	སྟེ་	PART
༴		PUNCT
སོགས་	སོགས་	DET
གཟུངས་རིང་	གཟུངས་རིང་	NO_POS
ཉེ་	ཉེ་	NUM
གཅིག་	གཅིག་	NUM
བཟླས་	བཟླས་	NO_POS
།		PUNCT
དགེ་བ་	དགེ་བ་	VERB
འདི་	འདི་	DET
ཡི་	གིས་	PART
མྱུར་	མྱུར་	VERB
དུ་	ལ་	PART
བདག་	བདག་	PRON
།		PUNCT
ཚེ་	ཚེ་	NOUN
དཔག་མེད་	དཔག་མེད་	ADJ
མགོན་	མགོན་	NOUN
འགྲུབ་	འགྲུབ་	VERB
གྱུར་	གྱུར་	VERB
ན་	ནས་	PART
། །		PUNCT
སོགས་	སོགས་	DET
ན་	ནས་	PART
།		PUNCT
ས་	ས་	ADP
ལ་	ལ་	PART
འགོད་པ་	འགོད་པ་	VERB
ར་	ལ་	PART
ཤོག་	ཤོག་	VERB
།		PUNCT
ཅེས་	ཅེས་	PART
སོགས་	སོགས་	DET
བསྔོ་བ་	བསྔོ་བ་	VERB
སྨོན་ལམ་	སྨོན་ལམ་	NOUN
བྱ་	བྱ་	VERB
།		PUNCT
འདི་	འདི་	DET
ལ་	ལ་	PART
བརྟེན་	བརྟེན་	VERB
ན་	ནས་	PART
ཚེ་སྒྲུབ་	ཚེ་སྒྲུབ་	NOUN
ཞག་	ཞག་	NOUN
བདུན་	བདུན་	NUM
བྱེད་པ་	བྱེད་པ་	VERB
ར་	ལ་	PART
འདོད་པ་	འདོད་པ་	VERB
ས་	གིས་	PART
ལོ་གསར་	ལོ་གསར་	NOUN
ཟླ་བ་	ཟླ་བ་	NOUN
སོགས་	སོགས་	DET
ཀྱི་	གི་	PART
ཡར་ངོ་	ཡར་ངོ་	NOUN
འི་	གི་	PART
ཚེ་	ཚེ་	NOUN
གཅིག་	གཅིག་	NUM
སོགས་	སོགས་	DET
གཟའ་སྐར་	གཟའ་སྐར་	OTHER
གང་	གང་	NO_POS
བཟང་	བཟང་	VERB
ན་	ནས་	PART
ཞག་	ཞག་	NOUN
བདུན་	བདུན་	NUM
གྱི་	གི་	PART
བ་	བ་	NOUN
ལ་	ལ་	PART
མཚམས་	མཚམས་	NOUN
ཤིན་ཏུ་	ཤིན་ཏུ་	NO_POS
དམ་པ་	དམ་པ་	VERB
ར་	ལ་	PART
བཅད་	བཅད་	VERB
།		PUNCT
དམར་	དམར་	VERB
སྐྱུ་	སྐྱུ་	VERB
མ་	མ་	PART
འདྲེས་པ་	འདྲེས་པ་	VERB
།་་་་་		PUNCT
ཟས་དཀར་	ཟས་དཀར་	PROPN
གསུམ་	གསུམ་	NUM
མངར་གསུམ་	མངར་གསུམ་	NO_POS
།་་་་་		PUNCT
རྡོ་		
དཀ་	དཀའ་	VERB
ར་	ལ་	PART
དང་	དང་	NO_POS
ཉིན་ཚད་	ཉིན་ཚད་	NO_POS
བཞག་	བཞག་	VERB
གུང་	གུང་	ADV
ཚིག་མ་	ཚིག་མ་	NO_POS
ཡོལ་བ་	ཡོལ་བ་	NOUN
ར་	ལ་	PART
།		PUNCT
ཞོག་	ཞོག་	VERB
རེ་	རེ་	DET
བཞིན་	བཞིན་	NOUN
ཁྲུ་	ཁྲུ་	NOUN
བྱ་	བྱ་	VERB
ཞིང་	ཅིང་	PART
།		PUNCT
གྲུབ་	གྲུབ་	VERB
ན་	ལ་	PART
གསོ་སྦྱོང་	གསོ་སྦྱོང་	NOUN
གི་	གི་	PART
སྡོམ་པ་	སྡོམ་པ་	NOUN
བླང་	བླང་	NO_POS
ཞིང་	ཅིང་	PART
ཚ་	ཚ་	VERB
བཞེས་	བཞེས་	VERB
ཡན་	ཡན་	ADV
ལ་	ལ་	PART
ཐུན་	ཐུན་	NOUN
གཅིག་	གཅིག་	NUM
ཚ་	ཚ་	VERB
བཞེས་	བཞེས་	VERB
གྲོལ་	གྲོལ་	VERB
ན་	ནས་	PART
གུང་	གུང་	ADV
ཚིག་	ཚིག་	NOUN
ཡན་	ཡན་	ADV
ལ་	ལ་	PART
ཐུན་	ཐུན་	NOUN
གཅིག་	གཅིག་	NUM
བྱ་	བྱ་	VERB
།		PUNCT
ཐུན་	ཐུན་	NOUN
ལ་	ལ་	PART
ཉམས་	ཉམས་	NOUN
སུ་	ལ་	PART
ལེན་	ལེན་	VERB
ཚུལ་	ཚུལ་	NOUN
སྔར་ལྟར་	སྔར་ལྟར་	NO_POS
བྱ་	བྱ་	VERB
ཞིང་	ཅིང་	PART
།		PUNCT
དེ་ཡང་	དེ་ཡང་	ADV
རླུང་	རླུང་	NOUN
སྦྱོར་	སྦྱོར་	VERB
དང་	དང་	NO_POS
སྔགས་	སྔགས་	NOUN
སྤེལ་མ་	སྤེལ་མ་	NO_POS
ར་	ལ་	PART
བྱེད་པ་	བྱེད་པ་	VERB
འདོད་པ་	འདོད་པ་	VERB
ས་	གིས་	PART
།		PUNCT
རླུང་	རླུང་	NOUN
ལྔ་	ལྔ་	NUM
བཅུ་	བཅུ་	NUM
ན་	ནས་	PART
བརྒྱ་	བརྒྱ་	NUM
མན་	མན་	OTHER
ཅི་རིགས་	ཅི་རིགས་	OTHER
དང་	དང་	NO_POS
།		PUNCT
སྔགས་	སྔགས་	NOUN
སྟོང་	སྟོང་	NUM
ན་	ནས་	PART
ཁྲི་	ཁྲི་	NUM
མན་	མན་	OTHER
ཅི་	ཅི་	NO_POS
འགྲུབ་	འགྲུབ་	VERB
བཟླས་	བཟླས་	NO_POS
།		PUNCT
གཟུངས་རིང་	གཟུངས་རིང་	NO_POS
ཀྱང་	ཀྱང་	PART
ཐུན་	ཐུན་	NOUN
རེ་	རེ་	DET
ར་	ལ་	PART
ཉེ་	ཉེ་	NUM
གཅིག་	གཅིག་	NUM
ན་	ནས་	PART
བརྒྱ་	བརྒྱ་	NUM
འི་	གི་	PART
བ་	བ་	NOUN
ཅི་	ཅི་	NO_POS
འགྲུབ་	འགྲུབ་	VERB
བཟླས་	བཟླས་	NO_POS
།		PUNCT
མཐ་	མཐའ་	NOUN
ར་	ལ་	PART
བསྔོ་བ་	བསྔོ་བ་	VERB
སྨོན་ལམ་	སྨོན་ལམ་	NOUN
སོགས་	སོགས་	DET
སྔར་ལྟར་	སྔར་ལྟར་	NO_POS
མཚུངས་	མཚུངས་	VERB
།		PUNCT
ཉིན་ཕྱེད་	ཉིན་ཕྱེད་	NO_POS
མན་	མན་	OTHER
ཤེ་		
སྙིང་	སྙིང་	NOUN
སོགས་	སོགས་	DET
བཟློག་པ་	བཟློག་པ་	VERB
བསྲུང་	བསྲུང་	NO_POS
འཁོར་	འཁོར་	NOUN
ཁོ་ན་	ཁོ་ན་	DET
ལ་	ལ་	PART
འབད་	འབད་	VERB
།		PUNCT
ནུབ་མོ་	ནུབ་མོ་	NOUN
གཉིད་	གཉིད་	NOUN
དུ་	ལ་	PART
འགྲོ་ཁ་	འགྲོ་ཁ་	NO_POS
ར་	ལ་	PART
ནུབ་ཕྱོགས་	ནུབ་ཕྱོགས་	NOUN
བདེ་བ་	བདེ་བ་	VERB
ཅན་	ཅན་	PART
ལ་	ལ་	PART
སྔ་	སྔ་	NOUN
གཏད་	གཏད་	VERB
དེ་	སྟེ་	PART
སེངྒེའི་		NON_WORD
ཉལ་	ཉལ་	NO_POS
སྟབས་	སྟབས་	NOUN
ཀྱིས་	གིས་	PART
ཉལ་	ཉལ་	NO_POS
ལ་	ལ་	PART
།		PUNCT
རྣམ་རྟོག་	རྣམ་རྟོག་	NOUN
གཞན་	གཞན་	DET
གྱིས་	གིས་	PART
བར་མ་	བར་མ་	ADJ
ཆོད་པ་	ཆོད་པ་	VERB
ར་	ལ་	PART
གཉིད་ལོག་པ་	གཉིད་ལོག་པ་	NO_POS
ས་	གིས་	PART
།		PUNCT
རྨི་ལམ་	རྨི་ལམ་	NOUN
དུ་	ལ་	PART
སྐུ་	སྐུ་	NOUN
མཐོང་བ་	མཐོང་བ་	VERB
།		PUNCT
གསུང་	གསུང་	VERB
ཐོས་པ་	ཐོས་པ་	VERB
སོགས་	སོགས་	DET
དང་	དང་	NO_POS
།		PUNCT
ཉི་ཟླ་	ཉི་ཟླ་	NOUN
འཆར་བ་	འཆར་བ་	VERB
།		PUNCT
སྒྲ་གཅན་	སྒྲ་གཅན་	OTHER
ལ་	ལ་	ADP
ས་	གིས་	PART
གྲོལ་བ་	གྲོལ་བ་	VERB
།		PUNCT
ནམ་ལངས་པ་	ནམ་ལངས་པ་	ADV
དང་	དང་	NO_POS
ལྷུང་བཟེད་	ལྷུང་བཟེད་	NOUN
བུམ་པ་	བུམ་པ་	NOUN
སོགས་	སོགས་	DET
སྣོད་	སྣོད་	NOUN
དཀར་གསུམ་	དཀར་གསུམ་	NO_POS
གྱིས་	གིས་	PART
གང་བ་	གང་བ་	VERB
།		PUNCT
ཚ་	ཚ་	VERB
ཚཱ་		NON_WORD
དཀར་པོ་	དཀར་པོ་	ADJ
ས་	གིས་	PART
ལུང་པ་	ལུང་པ་	NOUN
ཁེང་པ་	ཁེང་པ་	NO_POS
སོགས་	སོགས་	DET
དགེ་བ་	དགེ་བ་	VERB
འི་	གི་	PART
ལྟ་	ལྟ་	NOUN
དུ་མ་	དུ་མ་	ADJ
དང་	དང་	NO_POS
།		PUNCT
ཁྱད་པར་	ཁྱད་པར་	NOUN
ཚེ་ལོ་	ཚེ་ལོ་	NOUN
འདི་ཙམ་	འདི་ཙམ་	NO_POS
ཐུབ་	ཐུབ་	VERB
ཅེས་པ་	ཅེས་པ་	PART
ལུང་བསྟན་	ལུང་བསྟན་	NOUN
ངེས་པ་	ངེས་པ་	VERB
ཅན་	ཅན་	PART
དང་	དང་	NO_POS
།		PUNCT
སྲོག་ཆགས་	སྲོག་ཆགས་	NOUN
།		PUNCT
ཕྲེང་བ་	ཕྲེང་བ་	NOUN
།		PUNCT
ཤིང་ཐོག་	ཤིང་ཐོག་	NOUN
ཟན་རིལ་	ཟན་རིལ་	NO_POS
།		PUNCT
སྦ་	སྦ་	PROPN
སྙུག་	སྙུག་	NO_POS
ཚིག་	ཚིག་	NOUN
ཅན་	ཅན་	PART
།		PUNCT
དཔེ་	དཔེ་	NOUN
ཤོག་	ཤོག་	VERB
ཉ་ག་	ཉ་ག་	NO_POS
ལ་སོགས་པ་	ལ་སོགས་པ་	NO_POS
འི་	གི་	PART
ཚེ་	ཚེ་	NOUN
འདི་ཙམ་	འདི་ཙམ་	NO_POS
ཐུབ་པ་	ཐུབ་པ་	VERB
འི་	གི་	PART
གྲངས་	གྲངས་	NOUN
སྟོན་པ་	སྟོན་པ་	NOUN
འི་	གི་	PART
བརྡ་	བརྡའ་	NOUN
འི་	གི་	PART
རྣམ་པ་	རྣམ་པ་	NOUN
མཐའ་ཡས་པ་	མཐའ་ཡས་པ་	ADJ
གཅིག་	གཅིག་	NUM
འོང་བ་	འོང་བ་	VERB
ས་	གིས་	PART
དེ་དག་	དེ་དག་	OTHER
ཤིན་ཏུ་	ཤིན་ཏུ་	NO_POS
གསང་བ་	གསང་བ་	VERB
ར་	ལ་	PART
བྱ་	བྱ་	VERB
།		PUNCT
གལ་ཏེ་	གལ་ཏེ་	NO_POS
ལུང་བསྟན་	ལུང་བསྟན་	NOUN
མ་	མ་	PART
བྱུང་	བྱུང་	VERB
ན་	ལ་	PART
སླར་ཡང་	སླར་ཡང་	OTHER
ཞག་	ཞག་	NOUN
བདུན་	བདུན་	NUM
སྐྱ་	སྐྱ་	VERB
ར་	ལ་	PART
བ་	བ་	ADP
ངེས་པ་		
འབྱུང་བ་	འབྱུང་བ་	VERB
ཡིན་	ཡིན་	NO_POS
ནོ་	གོ་	PART
། །		PUNCT
དེ་ལྟ་	དེ་ལྟ་	NO_POS
ཞག་	ཞག་	NOUN
བདུན་	བདུན་	NUM
མ་	མ་	PART
འི་	གི་	PART
དུས་	དུས་	NOUN
དང་	དང་	NO_POS
རྒྱུན་	རྒྱུན་	NOUN
གྱི་	གི་	PART
ཉམས་ལེན་	ཉམས་ལེན་	NOUN
གྱི་	གི་	PART
ཚེ་	ཚེ་	NOUN
ཡང་	ཀྱང་	PART
ཚིག་	ཚིག་	NOUN
གཞན་	གཞན་	DET
གྱིས་	གིས་	PART
བར་མ་	བར་མ་	ADJ
ཆོད་པ་	ཆོད་པ་	VERB
འི་	གི་	PART
སྨྲ་བཅད་	སྨྲ་བཅད་	NO_POS
དམ་པོ་	དམ་པོ་	ADJ
དང་	དང་	NO_POS
ཐེ་ཚོམ་	ཐེ་ཚོམ་	NOUN
མེད་པ་	མེད་པ་	VERB
འི་	གི་	PART
ཡིད་ཆེས་	ཡིད་ཆེས་	NOUN
ཁྱད་པར་ཅན་	ཁྱད་པར་ཅན་	ADJ
གྱི་	གི་	PART
སྒོ་	སྒོ་	NOUN
ན་	ནས་	PART
འབད་རྩོལ་	འབད་རྩོལ་	NO_POS
གྱིས་	གིས་	PART
ཉམས་	ཉམས་	NOUN
སུ་	ལ་	PART
བླངས་པ་	བླངས་པ་	VERB
ས་	གིས་	PART
ཇི་ལྟ་		
བཤད་པ་	བཤད་པ་	VERB
བཞིན་	བཞིན་	NOUN
འབྱུང་བ་	འབྱུང་བ་	VERB
ནི་	ནི་	NO_POS
ཉམས་	ཉམས་	NOUN
སུ་	ལ་	PART
མྱོང་བ་	མྱོང་བ་	VERB
ས་	གིས་	PART
གྲུབ་པ་	གྲུབ་པ་	VERB
ཡིན་	ཡིན་	NO_POS
ནོ་	གོ་	PART
། །		PUNCT
འཕགས་ཡུལ་	འཕགས་ཡུལ་	NOUN
གྲུབ་	གྲུབ་	VERB
དབང་	དབང་	NOUN
པདྨ་	པདྨ་	NOUN
འི་	གི་	PART
ངང་ཚུལ་	ངང་ཚུལ་	OTHER
གང་	གང་	NO_POS
། །		PUNCT
གངས་ཅན་	གངས་ཅན་	ADJ
འདི་	འདི་	DET
ན་	ལ་	PART
རོང་	རོང་	PROPN
སྟོན་	སྟོན་	VERB
ཆོ་	ཆོ་	NOUN
ཀྱི་	གི་	PART
རྗེ་	རྗེ་	NO_POS
། །		PUNCT
རྗེ་བཙུན་	རྗེ་བཙུན་	NOUN
དམ་པ་	དམ་པ་	VERB
འི་	གི་	PART
ཐུགས་	ཐུགས་	NOUN
བཅུད་	བཅུད་	NOUN
བདུད་རྩི་	བདུད་རྩི་	NOUN
འི་	གི་	PART
རྒྱུན་	རྒྱུན་	NOUN
། །		PUNCT
རྒྱུན་	རྒྱུན་	NOUN
ཆད་	ཆད་	VERB
མེད་པ་	མེད་པ་	VERB
ར་	ལ་	PART
བླ་མ་	བླ་མ་	NOUN
འི་	གི་	PART
དྲིན་	དྲིན་	NOUN
ལ་	ལ་	ADP
ས་	གིས་	PART
ཐོབ་	ཐོབ་	VERB
། །		PUNCT
གང་	གང་	NO_POS
འདི་	འདི་	DET
ར་	ལ་	PART
རི་	རི་	NOUN
མེད་	མེད་	VERB
བསྟན་པ་	བསྟན་པ་	VERB
འི་	གི་	PART
སྦྱིན་བདག་	སྦྱིན་བདག་	NOUN
ཆེ་	ཆེ་	VERB
། །		PUNCT
ནོར་འཛིན་	ནོར་འཛིན་	NOUN
སྐྱོང་བ་	སྐྱོང་བ་	VERB
ངག་དབང་	ངག་དབང་	PROPN
མཚན་	མཚན་	NOUN
ཅན་	ཅན་	PART
གྱི་	གི་	PART
། །		PUNCT
རྒྱུན་	རྒྱུན་	NOUN
གྱི་	གི་	PART
ཉམས་	ཉམས་	NOUN
བཞེས་	བཞེས་	VERB
ཚུལ་	ཚུལ་	NOUN
དུ་	ལ་	PART
བཀོད་པ་	བཀོད་པ་	VERB
ནི་	ནི་	NO_POS
། །		PUNCT
ཤཱཀྱའི་		NON_WORD
བཙུན་པ་	བཙུན་པ་	NOUN
བློ་གསལ་	བློ་གསལ་	OTHER
མིང་ཅན་	མིང་ཅན་	NOUN
ནོ་	གོ་	PART
། །		PUNCT
ཨ་ཡུ་	ཨ་ཡུ་	NO_POS
པུཎྱེ་		NON_WORD
ཝརྡྷ་		NON_WORD
ཀུ་རུ་	ཀུ་རུ་	NO_POS
"།།

།།"		PUNCT
པ་	པ་	OTHER
ར་	ལ་	PART
འདི་	འདི་	DET
ཤྲཱི་		NON_WORD
ནཱ་	ནཱ་	NO_POS
ལེནྡྲའི་		NON_WORD
ཆོ་	ཆོ་	NOUN
གྲྭར་		NON_WORD
བཞུགས་	བཞུགས་	VERB
སོ་	གོ་	PART
།། །།		PUNCT
སརྦ་	སརྦ་	NO_POS
ཛ་	ཛ་	OTHER
གྷཾ་		NON_WORD
།། །། ༈		PUNCT
བལ་ཡུལ་	བལ་ཡུལ་	PROPN
མཆོད་རྟེན་	མཆོད་རྟེན་	NOUN
ཉེ་འདབས་	ཉེ་འདབས་	NO_POS
ན་	ནས་	PART
རྒྱལ་	རྒྱལ་	VERB
ཡོངས་	ཡོངས་	DET
ས་	ས་	ADP
ཆེན་	ཆེན་	NO_POS
ཞེས་་	ཞེས་པ་	PART
ལ་	ལ་	ADP
ས་	གིས་	PART
།		PUNCT
སློབ་བུ་	སློབ་བུ་	OTHER
ཐ་ཤལ་པ་	ཐ་ཤལ་པ་	ADJ
གུ་རུ་	གུ་རུ་	PROPN
ས་	གིས་	PART
སྤེལ་བ་	སྤེལ་བ་	VERB
འོ་	གོ་	PART
།།		PUNCT
